{
  "$schema": "https://json-schema.org/draft/2020-12/schema",
  "$id": "https://colrvia.com/schemas/single-room-color-intake.json",
  "title": "Single-Room Color Interview",
  "description": "Simple questions for one room so we can pick colors that look great and are easy to live with.",
  "type": "object",
  "additionalProperties": false,
  "properties": {
    "roomType": {
      "title": "Which room are we doing?",
      "description": "Pick one.",
      "type": "string",
      "enum": [
        "kitchen",
        "bathroom",
        "bedroom",
        "livingRoom",
        "diningRoom",
        "office",
        "kidsRoom",
        "laundryMudroom",
        "entryHall",
        "other"
      ],
      "ui": "singleSelect"
    },
    "usage": {
      "title": "Who uses this room most, and what do you do here?",
      "type": "string",
      "minLength": 1,
      "ui": "longText"
    },
    "countertopVeining": {
      "title": "Does the countertop show any purple/blue veining under some lights?",
      "type": "string",
      "enum": [
        "none",
        "aLittle",
        "noticeable"
      ],
      "ui": "singleSelect",
      "showIf": {
        "roomType": [
          "kitchen",
          "bathroom"
        ]
      }
    },
    "blackPreference": {
      "title": "If we use black: do you prefer neutral, blue\u2011black, or soft/charcoal?",
      "type": "string",
      "enum": [
        "neutral",
        "blueBlack",
        "charcoal"
      ],
      "ui": "singleSelect",
      "showIf": {
        "roomType": [
          "kitchen",
          "bathroom",
          "entryHall"
        ]
      }
    },
    "colorsToAvoid": {
      "title": "Any colors you do NOT want?",
      "type": "array",
      "items": {
        "type": "string",
        "enum": [
          "red",
          "orange",
          "yellow",
          "green",
          "blue",
          "purple",
          "pink",
          "brown"
        ]
      },
      "uniqueItems": true,
      "ui": "multiSelect"
    }
  },
  "required": [
    "roomType"
  ]
}